business_name,address,phone,website,google_maps_url,rating,total_reviews,reviews_sampled,unanswered_count,unanswered_low_rating,worst_unanswered_stars,sample_reviewer,sample_review_stars,sample_review_snippet,email,email_sent,replied,notes,email_step1_sent
"The Factory Kitchen","1300 Factory Pl, Los Angeles, CA 90013, USA","(213) 996-6000","https://thefactorykitchen.com/","https://maps.google.com/?cid=5883647778288816441&g_mp=CiVnb29nbGUubWFwcy5wbGFjZXMudjEuUGxhY2VzLkdldFBsYWNlEAIYBCAA","4.5","1063","5","5","3","2","Doug Robbins","2","The Factory Kitchen is absolutely overpriced for underwhelming food. I hoped for a nice dinner with my girlfriend at a 4","info@thefactorykitchen.com","","","","2026-04-28"
"BADMAASH Downtown LA","108 W 2nd St APT 104, Los Angeles, CA 90012, USA","(213) 221-7466","http://www.badmaashla.com/","https://maps.google.com/?cid=6203232972313248096&g_mp=CiVnb29nbGUubWFwcy5wbGFjZXMudjEuUGxhY2VzLkdldFBsYWNlEAIYBCAA","4.1","1779","5","5","3","1","Amit Naik","1","Someone recommended this restaurant after seeing it on Instagram. I was skeptical from the start because many social med","info@badmaashla.com","","","","2026-04-28"
"Girl & the Goat Los Angeles","555-3 Mateo St, Los Angeles, CA 90013, USA","(213) 799-4628","http://girlandthegoat.com/","https://maps.google.com/?cid=8526069136656805243&g_mp=CiVnb29nbGUubWFwcy5wbGFjZXMudjEuUGxhY2VzLkdldFBsYWNlEAIYBCAA","4.8","3625","5","5","1","3","Arash","3","Had been wanting to try Girl & the Goat LA for a while and finally made it in for a double birthday dinner. The space is","info@girlandthegoat.com","","","","2026-04-28"
"Bacari Silverlake","3626 Sunset Blvd, Los Angeles, CA 90026, USA","(323) 986-6763","https://www.eatwithbacari.com/silverlake","https://maps.google.com/?cid=15759891190649939146&g_mp=CiVnb29nbGUubWFwcy5wbGFjZXMudjEuUGxhY2VzLkdldFBsYWNlEAIYBCAA","4.5","1616","5","5","1","1","Christopher M","1","I definitely expected to be writing a 5 star review. Unfortunately that’s not the case. I will definitely give credit wh","info@eatwithbacari.com","","","","2026-04-28"
"Urth Caffe","459 S Hewitt St, Los Angeles, CA 90013, USA","(213) 797-4534","https://www.urthcaffe.com/","https://maps.google.com/?cid=6200198368856357791&g_mp=CiVnb29nbGUubWFwcy5wbGFjZXMudjEuUGxhY2VzLkdldFBsYWNlEAIYBCAA","4.5","5711","5","5","1","3","Tariana Cox","3","Felt like a late bloomer, but I finally experienced Urth Cafe for the first time today 😮‍💨 I can understand what makes","info@urthcaffe.com","","","","2026-04-28"
"71Above","633 W 5th St 71st floor, Los Angeles, CA 90071, USA","(213) 712-2683","https://www.71above.la/","https://maps.google.com/?cid=3565751723328692397&g_mp=CiVnb29nbGUubWFwcy5wbGFjZXMudjEuUGxhY2VzLkdldFBsYWNlEAIYBCAA","4.5","2774","5","5","0","4","Valentine Villaluz","4","⭐️⭐️⭐️⭐️ 4/5 – Incredible Views & Service, but Food Needs a Few Tweaks  71Above is one of the most visually stunning din","info@71above.la","","","","2026-04-28"
"Perch","448 S Hill St, Los Angeles, CA 90013, USA","(213) 802-1770","http://perchla.com/","https://maps.google.com/?cid=3866628448079004996&g_mp=CiVnb29nbGUubWFwcy5wbGFjZXMudjEuUGxhY2VzLkdldFBsYWNlEAIYBCAA","4.4","7490","5","5","0","4","Arsalan E","4","Overall a good restaurant with a nice patio with great views and great cocktails and wine list. Tried a number of dishes","info@perchla.com","","","","2026-04-28"
"Bottega Louie","700 S Grand Ave, Los Angeles, CA 90017, USA","(213) 802-1470","http://www.bottegalouie.com/","https://maps.google.com/?cid=1773934679941021267&g_mp=CiVnb29nbGUubWFwcy5wbGFjZXMudjEuUGxhY2VzLkdldFBsYWNlEAIYBCAA","4.5","7648","5","5","0","5","Enchanted Citrine","5","The experience was amazing. Firstly, we arrived earlier than our reservation time but they still seated us right away. T","info@bottegalouie.com","","","","2026-04-28"
"JOEY DTLA","700 W 7th St Ste S430, Los Angeles, CA 90017, USA","(213) 372-5335","https://joeyrestaurants.com/location/joey-dtla","https://maps.google.com/?cid=12586880607528883189&g_mp=CiVnb29nbGUubWFwcy5wbGFjZXMudjEuUGxhY2VzLkdldFBsYWNlEAIYBCAA","4.7","4748","5","5","0","4","JRay Eats","4","I had a lot of fun going here. Parking was like $44 for overnight or all night maximum. I got it validated at Joey DTLA","accessibility@joeyrestaurants.com","","","","2026-04-28"
"Maccheroni Republic","332 S Broadway, Los Angeles, CA 90013, USA","(213) 346-9725","http://www.maccheronirepublic.com/","https://maps.google.com/?cid=10713702449749472098&g_mp=CiVnb29nbGUubWFwcy5wbGFjZXMudjEuUGxhY2VzLkdldFBsYWNlEAIYBCAA","4.6","3075","5","5","0","4","Anna","4","I went on the last day of Dine LA for lunch and there was no wait! I was honestly prepared for the worst. I got three co","info@maccheronirepublic.com","","","","2026-04-28"
"République","624 S La Brea Ave, Los Angeles, CA 90036, USA","(310) 362-6115","http://www.republiquela.com/","https://maps.google.com/?cid=11146942846194704924&g_mp=CiVnb29nbGUubWFwcy5wbGFjZXMudjEuUGxhY2VzLkdldFBsYWNlEAIYBCAA","4.5","7074","5","5","0","4","AC9","4","My friend says this is one of her fave foodie spots. So let’s see if they’re pretty good eh or ew. They were on the Mich","info@republiquela.com","","","","2026-04-28"
"Holbox","3655 S Grand Ave c9, Los Angeles, CA 90007, USA","(213) 986-9972","http://www.holboxla.com/","https://maps.google.com/?cid=3469853530423318204&g_mp=CiVnb29nbGUubWFwcy5wbGFjZXMudjEuUGxhY2VzLkdldFBsYWNlEAIYBCAA","4.8","2654","5","5","0","5","Matthew Bourhis","5","Iconic LA restaurant for fresh sea food. Ceviche and aguachiles are special dishes. Also great tostadas and tacos. They","info@holboxla.com","","","","2026-04-28"
"Redbird","114 E 2nd St, Los Angeles, CA 90012, USA","(213) 788-1191","http://www.redbird.la/","https://maps.google.com/?cid=10616096124520627723&g_mp=CiVnb29nbGUubWFwcy5wbGFjZXMudjEuUGxhY2VzLkdldFBsYWNlEAIYBCAA","4.6","1810","5","5","0","4","Helen Kim","4","I never really make it to DTLA anymore but if one does, Redbird is pretty great for an intimate dinner, drinks at the ba","info@redbird.la","","","","2026-04-28"
"Water Grill","544 S Grand Ave, Los Angeles, CA 90071, USA","(213) 891-0900","https://www.watergrill.com/la","https://maps.google.com/?cid=3087664812393171324&g_mp=CiVnb29nbGUubWFwcy5wbGFjZXMudjEuUGxhY2VzLkdldFBsYWNlEAIYBCAA","4.5","2213","5","5","0","4","Kim Nara","4","If you’re looking for excellent dining in LA, this is a great option. However, the service is extremely slow—our lemonad","jperaza@kingsseafood.com","","","","2026-04-28"
"San Laurel","100 S Grand Ave, Los Angeles, CA 90012, USA","(213) 349-8585","https://www.sanlaurel.com/","https://maps.google.com/?cid=7828775555345993792&g_mp=CiVnb29nbGUubWFwcy5wbGFjZXMudjEuUGxhY2VzLkdldFBsYWNlEAIYBCAA","4.4","305","5","5","0","5","Alison Su","5","The view is absolutely amazing and the food did not disappoint. The octopus was perfectly cooked and very tender, the ba","laxav.pdr@conradhotels.com.make","","","","2026-04-28"
"Cali Chilli Downtown LA","200 S Los Angeles St Suit B, Los Angeles, CA 90012, USA","(213) 266-8999","https://www.cali-chilli.com/","https://maps.google.com/?cid=11016714371540867587&g_mp=CiVnb29nbGUubWFwcy5wbGFjZXMudjEuUGxhY2VzLkdldFBsYWNlEAIYBCAA","4.6","219","5","5","0","4","PS","4","We were in that area for the game at Crypto Arena and thought to try this one . Nice ambiance with yummy food .though ,","","","","",""
"The Butcher's Daughter","1205 Abbot Kinney Blvd, Venice, CA 90291, USA","(310) 981-3004","https://www.thebutchersdaughter.com/?utm_source=google&utm_medium=organic&utm_campaign=business-profile&utm_term=venice","https://maps.google.com/?cid=2173408008187024863&g_mp=CiVnb29nbGUubWFwcy5wbGFjZXMudjEuUGxhY2VzLkdldFBsYWNlEAIYBCAA","4.4","2896","5","5","0","5","Heather Boswick","5","Such a beautifulllllllll place! From the outside to the inside, such a stunning place with plants, accented wood & just","events@thebutchersdaughter.com","","","","2026-04-28"
"Nick + Stef's Steakhouse","330 S Hope St, Los Angeles, CA 90071, USA","(213) 680-0330","https://www.nickandstefs.com/","https://maps.google.com/?cid=12764470815249894035&g_mp=CiVnb29nbGUubWFwcy5wbGFjZXMudjEuUGxhY2VzLkdldFBsYWNlEAIYBCAA","4.5","1133","5","5","0","5","funning","5","I went here from a recommendation from a coworker because she raved about the scallop crudo, so we checked it out.  Firs","info@nickandstefs.com","","","","2026-04-28"
"Eggslut","317 S Broadway, Los Angeles, CA 90013, USA","(213) 625-0292","https://grandcentralmarket.com/vendors/eggslut/","https://maps.google.com/?cid=9542565228212065267&g_mp=CiVnb29nbGUubWFwcy5wbGFjZXMudjEuUGxhY2VzLkdldFBsYWNlEAIYBCAA","4.4","4662","5","5","0","4","JUSTIN CHEN 俊佳","4","It's on our must try list I'm grand central market!  It didn't disappoint much! We had brunch here and it was great. Alt","info@grandcentralmarket.com","","","","2026-04-28"
"West Restaurant & Lounge","170 N Church Ln, Los Angeles, CA 90049, USA","(310) 481-7878","http://www.westrestaurantla.com/","https://maps.google.com/?cid=10933946822026617957&g_mp=CiVnb29nbGUubWFwcy5wbGFjZXMudjEuUGxhY2VzLkdldFBsYWNlEAIYBCAA","4.2","371","5","5","0","4","M Chiquete","4","I stayed at this hotel—and ate at this restaurant—a few years ago, so when I received an email about their Thanksgiving","info@westrestaurantla.com","","","","2026-04-28"
"The Smith","1150 Broadway, New York, NY 10010, USA","(212) 685-4500","https://thesmithrestaurant.com/location/nomad/","https://maps.google.com/?cid=13158571210448955336&g_mp=CiVnb29nbGUubWFwcy5wbGFjZXMudjEuUGxhY2VzLkdldFBsYWNlEAIYBCAA","4.4","6268","5","5","1","3","Alex Domovich","3","I have mixed feelings about The Smith, but three stars feels fair — maybe even a touch generous. We booked a table for e","info@thesmithrestaurant.com","","","","2026-04-28"
"Eataly","101 Liberty St, New York, NY 10007, USA","(212) 897-2895","https://www.eataly.com/us_en/stores/nyc-downtown/restaurants","https://maps.google.com/?cid=1416786665941882505&g_mp=CiVnb29nbGUubWFwcy5wbGFjZXMudjEuUGxhY2VzLkdldFBsYWNlEAIYBCAA","4.2","6319","5","5","1","3","Piangporn Thongprong","3","I recently visited Eataly’s pasta restaurant and the food was absolutely amazing. The pasta was fresh, perfectly cooked,","info@eataly.com","","","","2026-04-28"
"ONE Dine at One World Observatory","117 West St, New York, NY 10007, USA","(212) 602-4070","https://www.oneworldobservatory.com/bar-restaurant/?utm_source=googlebusiness&utm_medium=organic&utm_campaign=places","https://maps.google.com/?cid=12011241611381638257&g_mp=CiVnb29nbGUubWFwcy5wbGFjZXMudjEuUGxhY2VzLkdldFBsYWNlEAIYBCAA","4.3","2209","5","5","1","2","MISTER LJOHNSON","2","I made dinner reservations to celebrate my anniversary, and I wanted to dine with a magnificent view, so I paid the $400","info@oneworldobservatory.com","","","","2026-04-28"
"La Grande Boucherie","145 W 53rd St, New York, NY 10019, USA","(212) 510-7714","https://www.boucherieus.com/","https://maps.google.com/?cid=3122996375818853997&g_mp=CiVnb29nbGUubWFwcy5wbGFjZXMudjEuUGxhY2VzLkdldFBsYWNlEAIYBCAA","4.6","10095","5","5","0","5","S","5","We had dinner at La Grande Boucherie last night and had an amazing experience! Our appetizers and entree were cooked to","info@boucherieus.com","","","","2026-04-28"
"The Dead Rabbit","30 Water St, New York, NY 10004, USA","(917) 540-5228","https://thedeadrabbit.com/?utm_source=google_business_profile&utm_medium=gbp_view_website&utm_campaign=google_business_profile","https://maps.google.com/?cid=16891641895788260568&g_mp=CiVnb29nbGUubWFwcy5wbGFjZXMudjEuUGxhY2VzLkdldFBsYWNlEAIYBCAA","4.7","8330","5","5","0","4","nanci brillant","4","Definitely an iconic place and super busy no matter when you go. The food was good. Our party ordered multiple different","hello.nyc@thedeadrabbit.com","","","","2026-04-28"
"Harry's","1 Hanover Square, BOWLING GREEN, NY 10004, USA","(212) 785-9200","https://www.harrysbarrestaurant.com/harrys-new-york-city","https://maps.google.com/?cid=17235362062778667261&g_mp=CiVnb29nbGUubWFwcy5wbGFjZXMudjEuUGxhY2VzLkdldFBsYWNlEAIYBCAA","4.5","1791","5","5","0","5","Peyton Mcginnis","5","Im suggesting that you run here upon reading this review.  Im talking old school feels, premier VIP treatment and food t","nyc@harrysrestaurantgroup.com","","","","2026-04-28"
"Monkey Bar","60 E 54th St, New York, NY 10022, USA","(212) 404-0365","https://nycmonkeybar.com/","https://maps.google.com/?cid=6407762793487689952&g_mp=CiVnb29nbGUubWFwcy5wbGFjZXMudjEuUGxhY2VzLkdldFBsYWNlEAIYBCAA","4.5","1779","5","5","0","4","Nate B","4","Beautiful atmosphere, great service. I was not sure what to expect from the food because of so many mixed reviews, here","","","","",""
"The Modern","9 W 53rd St, New York, NY 10019, USA","(212) 333-1220","https://www.themodernnyc.com/the-modern/?utm_source=google&utm_medium=gmb","https://maps.google.com/?cid=12751425680490052044&g_mp=CiVnb29nbGUubWFwcy5wbGFjZXMudjEuUGxhY2VzLkdldFBsYWNlEAIYBCAA","4.6","2732","5","5","0","4","Tess W","4","I went to The Modern for lunch and did the tasting menu. The food itself was great, everything was thoughtfully done and","info@themodernnyc.com","","","","2026-04-28"
"Time Out Market New York","55 Water St, Brooklyn, NY 11201, USA","(917) 810-4855","https://www.timeoutmarket.com/newyork/","https://maps.google.com/?cid=15282526839072256612&g_mp=CiVnb29nbGUubWFwcy5wbGFjZXMudjEuUGxhY2VzLkdldFBsYWNlEAIYBCAA","4.5","7770","5","5","0","5","Wade Z","5","I haven’t been to this area in a while, and I was blown away by the renovation! It’s an amazing spot with a massive vari","infonyc@timeoutmarket.com","","","","2026-04-28"
"Cipriani Downtown","376 W Broadway, New York, NY 10012, USA","(212) 343-0999","https://www.cipriani.com/cipriani-downtown?utm_source=gbp&utm_medium=organic&utm_campaign=gbp-downtown-nyc","https://maps.google.com/?cid=7107003109804812639&g_mp=CiVnb29nbGUubWFwcy5wbGFjZXMudjEuUGxhY2VzLkdldFBsYWNlEAIYBCAA","4.1","1462","5","5","0","4","Oliver Schultz C.","4","...ask the Waiter to order what he would take, that's the easy way and it resultados. I can give the Lamb chops a 10 of","downtown@cipriani.com","","","","2026-04-28"
"BLACKBARN","19 E 26th St, New York, NY 10010, USA","(212) 265-5959","https://www.blackbarnrestaurant.com/","https://maps.google.com/?cid=14292924245377741660&g_mp=CiVnb29nbGUubWFwcy5wbGFjZXMudjEuUGxhY2VzLkdldFBsYWNlEAIYBCAA","4.4","1378","5","5","0","4","Chase Fritchle","4","Nice ambiance, but felt more curated for larger groups. Maybe we were sat in the wrong area. Nice wine lists, gnocchi wa","","","","",""
"Petite Boucherie","First Floor, 14 Christopher St, New York, NY 10014, USA","(646) 756-4145","https://www.boucherieus.com/","https://maps.google.com/?cid=12769026215543562150&g_mp=CiVnb29nbGUubWFwcy5wbGFjZXMudjEuUGxhY2VzLkdldFBsYWNlEAIYBCAA","4.7","2059","5","5","0","4","Abraham Morales","4","Petite Boucherie has such a charming atmosphere, the kind of cozy, Parisian-inspired vibe that makes dining here feel sp","info@boucherieus.com","","","","2026-04-28"
"Manhatta","28 Liberty St 60th floor, New York, NY 10005, USA","(212) 230-5788","https://www.manhattarestaurant.com/restaurant-menu/","https://maps.google.com/?cid=6967162704871465124&g_mp=CiVnb29nbGUubWFwcy5wbGFjZXMudjEuUGxhY2VzLkdldFBsYWNlEAIYBCAA","4.7","3817","5","5","0","4","Rajeev Jha","4","Visiting Little Italy in New York City with my family was like stepping into a small slice of Europe right in the heart","info@manhattarestaurant.com","","","","2026-04-28"
"COTE Flatiron","16 W 22nd St, New York, NY 10010, USA","(212) 401-7886","https://www.cotekoreansteakhouse.com/","https://maps.google.com/?cid=5391895665971351104&g_mp=CiVnb29nbGUubWFwcy5wbGFjZXMudjEuUGxhY2VzLkdldFBsYWNlEAIYBCAA","4.6","4019","5","5","0","4","Ada Kiugo","4","An exceptional dining experience from start to finish. The quality of the meat is outstanding—beautifully marbled, exper","reservation@cotenyc.com","","","","2026-04-28"
"The Malt House","9 Maiden Ln, New York, NY 10038, USA","(646) 682-7577","http://www.themalthousefidi.com/","https://maps.google.com/?cid=12513227316902543654&g_mp=CiVnb29nbGUubWFwcy5wbGFjZXMudjEuUGxhY2VzLkdldFBsYWNlEAIYBCAA","4.3","2284","5","5","0","4","David Warfle","4","We really enjoyed our meal at The Malt House. From the moment we walked in, we were greeted by a manager, possibly the o","hello@themalthousefidi.com","","","","2026-04-28"
"Le Bernardin","155 W 51st St, New York, NY 10019, USA","(212) 554-1515","https://www.le-bernardin.com/home","https://maps.google.com/?cid=7298340055988969067&g_mp=CiVnb29nbGUubWFwcy5wbGFjZXMudjEuUGxhY2VzLkdldFBsYWNlEAIYBCAA","4.6","4554","5","5","0","4","John Galang","4","Le bernadin has been on my bucket list restaurants ever since I could afford to go out to fine dining restaurants.  Just","gifts@le-bernardin.com","","","","2026-04-28"
"abc kitchen","35 E 18th St, New York, NY 10003, USA","(212) 475-5829","https://www.abckitchen.nyc/","https://maps.google.com/?cid=9199015129918937122&g_mp=CiVnb29nbGUubWFwcy5wbGFjZXMudjEuUGxhY2VzLkdldFBsYWNlEAIYBCAA","4.4","3045","5","5","0","4","Sakura","4","We came here for Restaurant Week dinner. Overall, the food was good, but the salmon and burger entrées were both a bit t","info@abckitchen.nyc","","","","2026-04-28"
"Chambers","94 Chambers St #1, New York, NY 10007, USA","(212) 580-3572","http://chambers.nyc/","https://maps.google.com/?cid=17539100859862234710&g_mp=CiVnb29nbGUubWFwcy5wbGFjZXMudjEuUGxhY2VzLkdldFBsYWNlEAIYBCAA","4.7","360","5","5","0","5","Sachi Tejani","5","Chef’s counter here is a must. I had been seeing a lot of hype about this place on social media and randomly snagged a r","","","","",""
"1803 NYC","82 Reade St, New York, NY 10007, USA","(212) 267-3000","https://1803nyc.com/","https://maps.google.com/?cid=1614607817747620329&g_mp=CiVnb29nbGUubWFwcy5wbGFjZXMudjEuUGxhY2VzLkdldFBsYWNlEAIYBCAA","4.5","2065","5","5","0","4","Jaida Foreman","4","What up, y’all! I’m back again with another date night review ✨this time for 1803 NYC; a Cajun restaurant located in Tri","1803nyc@gmail.com","","","","2026-04-28"
"Crown Shy","70 Pine St Ground Floor, New York, NY 10005, USA","(212) 517-1932","https://www.crownshy.nyc/","https://maps.google.com/?cid=15549094825839982866&g_mp=CiVnb29nbGUubWFwcy5wbGFjZXMudjEuUGxhY2VzLkdldFBsYWNlEAIYBCAA","4.5","1828","5","5","0","4","FlechaKid","4","Our experience at Crown Shy was generally very good. Below are the key highlights and lowlights of our visit. Highlights","info@crownshy.nyc","","","","2026-04-28"
"M.Bird Rooftop Restaurant, Bar & DJ's","1903 Market St, Tampa, FL 33602, USA","(813) 296-2702","https://www.mbirdtampa.com/","https://maps.google.com/?cid=2018391165695296270&g_mp=CiVnb29nbGUubWFwcy5wbGFjZXMudjEuUGxhY2VzLkdldFBsYWNlEAIYBCAA","4.3","1966","5","5","1","3","Kristen","3","My husband and I were here for a work event. There was an area roped off for us. My husband really liked the food. He sa","info@mbirdtampa.com","","","","2026-04-28"
"Rocca","323 W Palm Ave, Tampa, FL 33602, USA","(813) 906-5445","https://roccatampa.com/","https://maps.google.com/?cid=11969414653190066132&g_mp=CiVnb29nbGUubWFwcy5wbGFjZXMudjEuUGxhY2VzLkdldFBsYWNlEAIYBCAA","4.6","1318","5","5","1","1","Andrea Sandoval-Molina","1","I’m really sad to even be writing this because Rocca has truly been my favorite spot in town for a long time. I’ve alway","info@roccatampa.com","","","","2026-04-28"
"Walk-On's Sports Bistreaux - Tampa (Midtown)","1140 Gramercy Ln, Tampa, FL 33607, USA","(813) 771-7100","https://locate.walk-ons.com/fl/tampa/restaurants-441.html","https://maps.google.com/?cid=4635375435467074936&g_mp=CiVnb29nbGUubWFwcy5wbGFjZXMudjEuUGxhY2VzLkdldFBsYWNlEAIYBCAA","4.9","5515","5","5","1","3","Alysha","3","The standout aspect of our visit was definitely the drinks. However, the wings and fries had too much salt. While the se","info@locate.walk-ons.com","","","","2026-04-28"
"Riveters Tampa","2301 N Dale Mabry Hwy, Tampa, FL 33607, USA","(813) 559-1450","http://riveterstampa.com/","https://maps.google.com/?cid=15378405145039178802&g_mp=CiVnb29nbGUubWFwcy5wbGFjZXMudjEuUGxhY2VzLkdldFBsYWNlEAIYBCAA","4.5","1398","5","5","0","5","Charles Baran","5","Loved this place.  We went just before the Hockey at Raymond James.  People were super nice. Quickly seated, drinks with","info@riveterstampa.com","","","","2026-04-28"
"OLIVIA","3601 W Swann Ave, Tampa, FL 33609, USA","(813) 328-8866","https://www.oliviafl.com/","https://maps.google.com/?cid=1738980952521902707&g_mp=CiVnb29nbGUubWFwcy5wbGFjZXMudjEuUGxhY2VzLkdldFBsYWNlEAIYBCAA","4.6","2749","5","5","0","5","Lindsay V","5","We had a great meal at Olivia. Walked in on a busy Tuesday night but there were plenty of seats open at the bar. Jared w","team.tampa@oliviafl.com","","","","2026-04-28"
"Kona Grill - Tampa","4134 W Boy Scout Blvd #1, Tampa, FL 33607, USA","(813) 877-5938","https://konagrill.com/locations?locations=Tampa,33607","https://maps.google.com/?cid=3709943122810787567&g_mp=CiVnb29nbGUubWFwcy5wbGFjZXMudjEuUGxhY2VzLkdldFBsYWNlEAIYBCAA","4.6","10238","5","5","0","5","Alexis C","5","The atmosphere walking in was nice, chill and welcoming. The fried pickles were deliciously crispy. The crab crunch roll","info@togrp.com","","","","2026-04-28"
"Naked Farmer","1001 Water St, Tampa, FL 33602, USA","(813) 608-0329","https://www.eatnakedfarmer.com/","https://maps.google.com/?cid=17090888003842502133&g_mp=CiVnb29nbGUubWFwcy5wbGFjZXMudjEuUGxhY2VzLkdldFBsYWNlEAIYBCAA","4.8","2306","5","5","0","5","France Moise","5","I’m always greeted with the warmest smiles the moment I walk into Naked Farmer. Everyone genuinely seems happy to be the","","","","",""
"Bahama Breeze","3045 N Rocky Point Dr E, Tampa, FL 33607, USA","(813) 289-7922","https://www.bahamabreeze.com/locations/fl/tampa/tampa/3004?cmpid=br:bb_ag:ie_ch:loc_ca:BBGMB_sn:gmb_gt:tampa-fl-3004_pl:locurl_rd:1004","https://maps.google.com/?cid=16939913857477314058&g_mp=CiVnb29nbGUubWFwcy5wbGFjZXMudjEuUGxhY2VzLkdldFBsYWNlEAIYBCAA","4.5","19234","5","5","0","4","Rashiadah Weaver","4","I will say all the food was amazing except my order. Compared to others at the table it was a little bit of a let down,","info@bahamabreeze.com","","","","2026-04-28"
"Yard House","450 Channelside Dr, Tampa, FL 33602, USA","(813) 371-5495","https://www.yardhouse.com/locations/fl/tampa/tampa-water-street/8394?cmpid=br:yh_ag:ie_ch:loc_ca:YHGMB_sn:gmb_gt:tampa-fl-8394_pl:locurl_rd:1088","https://maps.google.com/?cid=16740716300267766565&g_mp=CiVnb29nbGUubWFwcy5wbGFjZXMudjEuUGxhY2VzLkdldFBsYWNlEAIYBCAA","4.6","1538","5","5","0","5","Caro ParG","5","It’s a nice sports bar with a great ambiance. Unfortunately, the service did not meet my expectations the staff was not","info@yardhouse.com","","","","2026-04-28"
"Seasons 52","204 N Westshore Blvd, Tampa, FL 33609, USA","(813) 286-1152","https://www.seasons52.com/locations/fl/tampa/tampa/4511?cmpid=br:s52_ag:ie_ch:loc_ca:S52GMB_sn:gmb_gt:tampa-fl-4511_pl:locurl_rd:1010","https://maps.google.com/?cid=13681205643678199865&g_mp=CiVnb29nbGUubWFwcy5wbGFjZXMudjEuUGxhY2VzLkdldFBsYWNlEAIYBCAA","4.6","3965","5","5","0","5","Greg Crossley","5","We’ve been here a few times now and we just love it. I honestly didn’t realize it’s lower calorie healthy food. My wife","info@seasons52.com","","","","2026-04-28"
"American Social - Bar & Kitchen - Tampa","601 S Harbour Island Blvd #107, Tampa, FL 33602, USA","(813) 285-5723","https://americansocialbar.com/locations/tampa/","https://maps.google.com/?cid=12690665343576533944&g_mp=CiVnb29nbGUubWFwcy5wbGFjZXMudjEuUGxhY2VzLkdldFBsYWNlEAIYBCAA","4.2","5222","5","5","0","4","Brandon P","4","American bar food with a twist of trying to be mildly more upscale is what I would describe the food served by this plac","info@americansocialbar.com","","","","2026-04-28"
"Ulele","1810 N Highland Ave, Tampa, FL 33602, USA","(813) 999-4952","https://ulele.com/","https://maps.google.com/?cid=7024264887899776259&g_mp=CiVnb29nbGUubWFwcy5wbGFjZXMudjEuUGxhY2VzLkdldFBsYWNlEAIYBCAA","4.6","11342","5","5","0","4","E Lee","4","Visited from out of town to see some friends in Tampa. Restaurant came highly recommended. Gorgeous Saturday afternoon.","groups@ulele.com","","","","2026-04-28"
"The Pearl Tampa","823 Water St C100, Tampa, FL 33602, USA","(813) 709-7776","https://thepearlrestaurant.com/locations-menus/tampa/","https://maps.google.com/?cid=5355934940250009208&g_mp=CiVnb29nbGUubWFwcy5wbGFjZXMudjEuUGxhY2VzLkdldFBsYWNlEAIYBCAA","4.5","1490","5","5","0","4","Xavier Gonzalez","4","What caught my attention is that we made a reservation for a group of 12 people and were seated 30 minutes later. That’s","info@thepearlrestaurant.com","","","","2026-04-28"
"Casa Cami","2545 N Rocky Point Dr, Tampa, FL 33607, USA","(813) 492-8187","https://casacami.com/","https://maps.google.com/?cid=7418213294753293077&g_mp=CiVnb29nbGUubWFwcy5wbGFjZXMudjEuUGxhY2VzLkdldFBsYWNlEAIYBCAA","4.2","686","5","5","0","4","Mike Zipko","4","Casa Cami is a nice place overall, but not quite a “wow” experience. The food was good, but nothing especially memorable","info@casacami.com","","","","2026-04-28"
"Midtown Tampa","3659 Midtown Dr, Tampa, FL 33607, USA","(813) 738-4120","http://www.midtowntampa.com/","https://maps.google.com/?cid=98838544871585780&g_mp=CiVnb29nbGUubWFwcy5wbGFjZXMudjEuUGxhY2VzLkdldFBsYWNlEAIYBCAA","4.6","785","5","5","0","4","Sarah","4","Midtown Tampa is clean, modern, and has a good overall atmosphere. There’s plenty of space to sit and hang out, which ma","info@midtowntampa.com","","","","2026-04-28"
"Ocean Prime","2205 N Westshore Blvd, Tampa, FL 33607, USA","(813) 490-5288","https://www.ocean-prime.com/locations-menus/tampa","https://maps.google.com/?cid=10961798090660563982&g_mp=CiVnb29nbGUubWFwcy5wbGFjZXMudjEuUGxhY2VzLkdldFBsYWNlEAIYBCAA","4.7","4513","5","5","0","5","Carson O","5","Ocean Prime in Tampa, FL is an outstanding dining experience from start to finish. The restaurant has an upscale yet com","info@ocean-prime.com","","","","2026-04-28"
"Oxford Exchange","420 W Kennedy Blvd, Tampa, FL 33606, USA","(813) 253-0222","http://oxfordexchange.com/","https://maps.google.com/?cid=11520336291559321740&g_mp=CiVnb29nbGUubWFwcy5wbGFjZXMudjEuUGxhY2VzLkdldFBsYWNlEAIYBCAA","4.6","6698","5","5","0","4","P Chang","4","Fun place and good food (on the pricey side for what you get). The outside dining area with a fountain is lovely but we","info@oxfordexchange.com","","","","2026-04-28"
"Sunda New Asian","3648 Midtown Dr, Tampa, FL 33607, USA","(813) 497-2900","https://sundanewasian.com/","https://maps.google.com/?cid=4677628851260090732&g_mp=CiVnb29nbGUubWFwcy5wbGFjZXMudjEuUGxhY2VzLkdldFBsYWNlEAIYBCAA","4.7","1392","5","5","0","5","Sara Cygan","5","First- this is one of our favorite restaurants in Tampa I’ve been to so far and we are foodies who love all types of cui","sr_foh@sundanewasian.com","","","","2026-04-28"
"Union New American","1111 N Westshore Blvd, Tampa, FL 33607, USA","(813) 768-9989","https://www.uniontampa.com/","https://maps.google.com/?cid=16292968094074506174&g_mp=CiVnb29nbGUubWFwcy5wbGFjZXMudjEuUGxhY2VzLkdldFBsYWNlEAIYBCAA","4.5","843","5","5","0","4","Gourmand","4","The food is really good here. Service is decent. It is pricey, but definitely a spot to try.  I highly recommend getting","info@uniontampa.com","","","","2026-04-28"
"Shiso Crispy - Tampa","874 N Tampa St, Tampa, FL 33602, USA","(813) 610-9138","http://www.shisocrispy.com/","https://maps.google.com/?cid=6012822605410668264&g_mp=CiVnb29nbGUubWFwcy5wbGFjZXMudjEuUGxhY2VzLkdldFBsYWNlEAIYBCAA","4.6","678","5","5","0","5","K Ddlt","5","Shisho crispy? More like shisho freaking yummy. My wife went here without me once and it almost ended in divorce. The fo","info@shisocrispy.com","","","","2026-04-28"
"Sexy Fish Miami","1001 S Miami Ave, Miami, FL 33130, USA","(305) 889-7888","https://sexyfishmiami.com/?utm_source=LocalGoogleExtNet&utm_medium=Organic","https://maps.google.com/?cid=9716000305552757123&g_mp=CiVnb29nbGUubWFwcy5wbGFjZXMudjEuUGxhY2VzLkdldFBsYWNlEAIYBCAA","4.5","8637","5","5","1","3","shakti lenka","3","Service and atmosphere is amazing.  But overhyped and over priced. Food quality is not at all upto the mark. The place i","info@sexyfishmiami.com","","","","2026-04-28"
"CASA NEOS","40 SW North River Dr, Miami, FL 33128, USA","(305) 800-6367","https://www.casa-neos.com/","https://maps.google.com/?cid=3252674697109623687&g_mp=CiVnb29nbGUubWFwcy5wbGFjZXMudjEuUGxhY2VzLkdldFBsYWNlEAIYBCAA","4.8","11050","5","5","1","2","Yohan Garcia","2","They were out of caviar and the octopus that was highly recommend but thankfully Emma and her hospitality truly made the","events@rivieradininggroup.com","","","","2026-04-28"
"Komodo Miami","801 Brickell Ave, Miami, FL 33131, USA","(305) 534-2211","https://komodomiami.com/","https://maps.google.com/?cid=3779668399211078498&g_mp=CiVnb29nbGUubWFwcy5wbGFjZXMudjEuUGxhY2VzLkdldFBsYWNlEAIYBCAA","4.5","8534","5","5","1","3","MIKE RAY","3","We were placed at a table that got knocked into about 12 times during our dining experience. We made a reservation ahead","info@komodomiami.com","","","","2026-04-28"
"Santorini by Georgios","101 Ocean Dr # 101, Miami Beach, FL 33139, USA","(305) 672-6624","https://santorinibygeorgios.com/","https://maps.google.com/?cid=4534163884983973459&g_mp=CiVnb29nbGUubWFwcy5wbGFjZXMudjEuUGxhY2VzLkdldFBsYWNlEAIYBCAA","4.7","5250","5","5","1","3","Andrew Roubin","3","Food was kinda mid, gave this place a couple of tries while we were in the area, and while there was nothing really wron","groups@santorinibygeorgios.com","","","","2026-04-28"
"Crazy About You","1155 Brickell Bay Dr PH101, Miami, FL 33131, USA","(305) 377-4442","https://passionrestaurantgroup.com/restaurants/crazy-about-you/","https://maps.google.com/?cid=15118504722984321111&g_mp=CiVnb29nbGUubWFwcy5wbGFjZXMudjEuUGxhY2VzLkdldFBsYWNlEAIYBCAA","4.8","18857","5","5","0","4","Marshall Can","4","Loved it and yea I'd go back. Highly recommended  Atmosphere is an eclectic mishmash that is not my style, but it's alri","info@passionrestaurantgroup.com","","","","2026-04-28"
"Dolores But You Can Call Me Lolita","1000 S Miami Ave, Miami, FL 33130, USA","(305) 403-3103","https://passionrestaurantgroup.com/restaurants/dolores-lolita/","https://maps.google.com/?cid=12723022957873358956&g_mp=CiVnb29nbGUubWFwcy5wbGFjZXMudjEuUGxhY2VzLkdldFBsYWNlEAIYBCAA","4.8","12467","5","5","0","4","Johanna Pinoargote","4","This was a last minute reservation to Miami- and for a place that had soooo many reviews I was curious to see what all t","info@passionrestaurantgroup.com","","","","2026-04-28"
"RosaNegra Miami","1346 S Miami Ave, Miami, FL 33130, USA","(786) 668-2114","https://www.rosanegrarestaurant.us/?utm_source=gmb&utm_medium=organic&ot_source=gmb_2564_rnm","https://maps.google.com/?cid=13040410929313737252&g_mp=CiVnb29nbGUubWFwcy5wbGFjZXMudjEuUGxhY2VzLkdldFBsYWNlEAIYBCAA","4.7","1755","5","5","0","5","Juan Fidel","5","What an extraordinary experience we had at Rosa Negra! An atmosphere of exquisite food aromas mingled with rhythmic musi","info@rosanegrarestaurant.us","","","","2026-04-28"
"Rusty Pelican Miami","3201 Rickenbacker Cwy, Key Biscayne, FL 33149, USA","(305) 361-3818","https://www.therustypelican.com/","https://maps.google.com/?cid=12992583866886932478&g_mp=CiVnb29nbGUubWFwcy5wbGFjZXMudjEuUGxhY2VzLkdldFBsYWNlEAIYBCAA","4.7","20749","5","5","0","4","Daniel E Huffer","4","Awesome restaurant, My wife and I visited while we were vacationing in Key Biscayne... I had the Lobster and Shrimp Riso","info@therustypelican.com","","","","2026-04-28"
"Rosa Sky","115 SW 8th St 22nd Floor, Miami, FL 33130, USA","(786) 628-1515","https://rosaskyrooftop.com/?utm_source=google&utm_medium=organic&utm_campaign=gbp","https://maps.google.com/?cid=8544288044977879219&g_mp=CiVnb29nbGUubWFwcy5wbGFjZXMudjEuUGxhY2VzLkdldFBsYWNlEAIYBCAA","4.7","6074","5","5","0","4","Roni Phillips","4","An Exceptional Experience from Start to Finish! We arrived to have a late dinner and Kelvin was absolutely amazing! From","info@rosaskyrooftop.com","","","","2026-04-28"
"Tanuki River Landing","1420 NW N River Dr, Miami, FL 33125, USA","(305) 614-9408","https://tanukimiami.com/?utm_source=google","https://maps.google.com/?cid=13257105176677803918&g_mp=CiVnb29nbGUubWFwcy5wbGFjZXMudjEuUGxhY2VzLkdldFBsYWNlEAIYBCAA","4.9","4805","5","5","0","5","Delilah Jay","5","Had the pleasure of dining in, our server Benjamin was so knowledgeable and helpful to me and my son. Food was fresh and","info@tanukimiami.com","","","","2026-04-28"
"Moxies Miami Restaurant","900 S Miami Ave #161, Miami, FL 33130, USA","(305) 549-8997","https://moxies.com/restaurants/miami-mary-brickell?utm_source=GMB&utm_medium=google-location-listing&utm_campaign=organic","https://maps.google.com/?cid=9031923130400393984&g_mp=CiVnb29nbGUubWFwcy5wbGFjZXMudjEuUGxhY2VzLkdldFBsYWNlEAIYBCAA","4.4","1849","5","5","0","4","Garrett Henderson","4","5 star service atmosphere, 4 stars food as it was overcooked, presentation needs attention. MEYLAN our server was on poi","adeleon@eatzhospitality.com","","","","2026-04-28"
"Gordon Ramsay Hell's Kitchen - Miami","333 Biscayne Blvd Way, Miami, FL 33131, USA","(786) 688-0082","https://www.gordonramsayrestaurants.com/en/us/hells-kitchen/locations/miami","https://maps.google.com/?cid=11055475470687215345&g_mp=CiVnb29nbGUubWFwcy5wbGFjZXMudjEuUGxhY2VzLkdldFBsYWNlEAIYBCAA","4.3","2384","5","5","0","5","Andy Rodriguez","5","Had an amazing experience at Hell’s Kitchen Miami! From the moment we walked in, the atmosphere was vibrant, upscale, an","info@gordonramsayrestaurants.com","","","","2026-04-28"
"Claudie","1101 Brickell Ave S-113, Miami, FL 33131, USA","(305) 990-1101","https://www.claudierestaurant.com/","https://maps.google.com/?cid=15336936437787717740&g_mp=CiVnb29nbGUubWFwcy5wbGFjZXMudjEuUGxhY2VzLkdldFBsYWNlEAIYBCAA","4.8","4618","5","5","0","5","Grace Lohn","5","Had an amazing experience at Claudie. The food was outstanding, the service was excellent, and the atmosphere is absolut","","","","",""
"Marabu Restaurant","701 S Miami Ave Fl 4, Miami, FL 33131, USA","(786) 598-8012","https://www.maraburestaurant.com/","https://maps.google.com/?cid=8832535864391459847&g_mp=CiVnb29nbGUubWFwcy5wbGFjZXMudjEuUGxhY2VzLkdldFBsYWNlEAIYBCAA","4.8","10542","5","5","0","4","Pablo Lopes","4","Reception My visit to Marabú in Miami in September 2025 began beautifully. The hostess was exceptionally courteous and e","info@maraburestaurant.com","","","","2026-04-28"
"Watr at the 1 Rooftop","2341 Collins Ave Floor 18, Miami Beach, FL 33139, USA","(305) 604-1000","https://www.1hotels.com/south-beach/taste/watr-at-the-rooftop?utm_source=google-gbp&utm_medium=organic&utm_campaign=gbp","https://maps.google.com/?cid=16591850696780727909&g_mp=CiVnb29nbGUubWFwcy5wbGFjZXMudjEuUGxhY2VzLkdldFBsYWNlEAIYBCAA","4.4","1896","5","5","0","4","Becca Eats","4","If you’re looking for the ultimate Japanese lunch spot in Miami, Watr at the 1 Hotel South Beach is a 10/10 experience.","watrhost@1hotels.com","","","","2026-04-28"
"Fiore Caffe Miami","228 SE 1st St, Miami, FL 33131, USA","(786) 558-5152","https://fiorecaffemiami.com/","https://maps.google.com/?cid=4893040199257249176&g_mp=CiVnb29nbGUubWFwcy5wbGFjZXMudjEuUGxhY2VzLkdldFBsYWNlEAIYBCAA","4.8","7206","5","5","0","5","James White","5","This is a fun spot worth stopping by if you’re in Miami. The drinks were just as good as the food, and everything came o","","","","",""
"Mangrove","103 NW 1st Ave, Miami, FL 33128, USA","(305) 614-2736","https://mangrove.miami/","https://maps.google.com/?cid=6882259586097635037&g_mp=CiVnb29nbGUubWFwcy5wbGFjZXMudjEuUGxhY2VzLkdldFBsYWNlEAIYBCAA","4.7","474","5","5","0","4","Sabrina C. (Bri)","4","We were a party of four with no reservation on a Saturday night and waited about 20 minutes at the bar for a table to op","","","","",""
"Miami Eats","626 S Miami Ave, Miami, FL 33130, USA","(305) 800-3287","http://www.miami-eats.com/","https://maps.google.com/?cid=17183715721618852034&g_mp=CiVnb29nbGUubWFwcy5wbGFjZXMudjEuUGxhY2VzLkdldFBsYWNlEAIYBCAA","4.4","72","5","5","0","5","Daniel","5","It is down a dark alley but worth the trip. They have an unbelievable selection and the prices are very reasonable. I lo","dave@lab6.com","","","","2026-04-28"
"Cactus Club Cafe","201 S Biscayne Blvd, Miami, FL 33131, USA","(754) 289-4981","https://www.cactusclubcafe.com/locations/miami-downtown/?utm_source=google&utm_medium=gmb","https://maps.google.com/?cid=3032733623629319816&g_mp=CiVnb29nbGUubWFwcy5wbGFjZXMudjEuUGxhY2VzLkdldFBsYWNlEAIYBCAA","4.9","864","5","5","0","5","Stephanie Rodriguez","5","I must say that it’s been a while since I’ve received such great service. Aliesha guided us throughout our entire dining","info@cactusclubcafe.com","","","","2026-04-28"
"Balan's","901 S Miami Ave Space 108, Miami, FL 33130, USA","(305) 809-8587","http://balansbrickell.com/","https://maps.google.com/?cid=4468373411530432769&g_mp=CiVnb29nbGUubWFwcy5wbGFjZXMudjEuUGxhY2VzLkdldFBsYWNlEAIYBCAA","4.7","3517","5","5","0","4","Angimar Hernandez","4","From the moment we arrived, we were treated with such kindness and attention. Our server Altab was incredibly friendly,","management@balansrestaurants.com","","","","2026-04-28"
"The FAB","110 Paseo de San Antonio, San Jose, CA 95112, USA","(408) 320-4121","http://thefabsj.com/","https://maps.google.com/?cid=6045395421200355985&g_mp=CiVnb29nbGUubWFwcy5wbGFjZXMudjEuUGxhY2VzLkdldFBsYWNlEAIYBCAA","4","216","5","5","4","1","Azaan Qureshi","1","We were one of maybe 3 other couples in the entire restaurant, which should usually mean there isn’t a long wait for foo","info@thefabsj.com","","","","2026-04-28"
"Petiscos 'Downtown'","399 S 1st St, San Jose, CA 95113, USA","(408) 320-2884","http://petiscosadega.com/","https://maps.google.com/?cid=12311738630769233579&g_mp=CiVnb29nbGUubWFwcy5wbGFjZXMudjEuUGxhY2VzLkdldFBsYWNlEAIYBCAA","4.2","706","5","5","3","1","Khiem Nguyen","1","The place looks great but that's about where it ends in terms of complements. It seems like they want to charge fancy re","","","","",""
"Original Joe's San Jose","301 S 1st St, San Jose, CA 95113, USA","(408) 292-7030","https://www.sanjoseoriginaljoes.com/?y_source=1_MTQ2MTA4ODctNzE1LWxvY2F0aW9uLndlYnNpdGU%3D","https://maps.google.com/?cid=17483991626551845487&g_mp=CiVnb29nbGUubWFwcy5wbGFjZXMudjEuUGxhY2VzLkdldFBsYWNlEAIYBCAA","4.2","2805","5","5","3","3","Apryl Chiem","3","Did not realize this Original Joe's was not affiliated with any other one until after ordering since their pasta looked","info@sanjoseoriginaljoes.com","","","","2026-04-28"
"Secco Restaurant & Bar","300 S Almaden Ave, San Jose, CA 95110, USA","(408) 947-4444","https://seccorestaurant.com/","https://maps.google.com/?cid=15939757597750166947&g_mp=CiVnb29nbGUubWFwcy5wbGFjZXMudjEuUGxhY2VzLkdldFBsYWNlEAIYBCAA","3.8","86","5","5","2","1","Torsten Rohlfing","1","The food is actually quite good and even reasonably priced. The location is very convenient and the ambience perfectly a","eugene@fsimf.com","","","","2026-04-28"
"The Grill on the Alley","172 S Market St, San Jose, CA 95113, USA","(408) 294-2244","https://www.thegrill.com/","https://maps.google.com/?cid=8698878488011190124&g_mp=CiVnb29nbGUubWFwcy5wbGFjZXMudjEuUGxhY2VzLkdldFBsYWNlEAIYBCAA","4.2","623","5","5","2","1","Nicole Victor","1","Our party had extremely high expectations for The Grill on the Alley, but unfortunately, our experience was deeply disap","info@thegrill.com","","","","2026-04-28"
"The GrandView","15005 Mt Hamilton Rd, San Jose, CA 95140, USA","(408) 251-8909","https://www.grandviewsanjose.com/","https://maps.google.com/?cid=5083559617862596176&g_mp=CiVnb29nbGUubWFwcy5wbGFjZXMudjEuUGxhY2VzLkdldFBsYWNlEAIYBCAA","4.3","1764","5","5","1","3","Joyce Lin","3","My boyfriend took me here to celebrate Valentine's Day and it was a fixed menu with $175 per person. It's my first time","info@grandviewsanjose.com","","","","2026-04-28"
"Naschmarkt Restaurant - Campbell","384 E Campbell Ave, Campbell, CA 95008, USA","(408) 378-0335","http://naschmarktrestaurants.com/","https://maps.google.com/?cid=501271233112563356&g_mp=CiVnb29nbGUubWFwcy5wbGFjZXMudjEuUGxhY2VzLkdldFBsYWNlEAIYBCAA","4.7","981","5","5","1","3","gaston daugherty","3","I was expecting original Austrian food . Was disappointed . I thought the sausages would be made in house along with the","info@naschmarktrestaurants.com","","","","2026-04-28"
"District","65 N San Pedro St, San Jose, CA 95110, USA","(669) 292-5252","https://www.districtsj.com/?utm_source=google&utm_medium=organic&utm_campaign=gbp-website-link","https://maps.google.com/?cid=15673630030547805610&g_mp=CiVnb29nbGUubWFwcy5wbGFjZXMudjEuUGxhY2VzLkdldFBsYWNlEAIYBCAA","4.2","851","5","5","1","3","Tzvi Shahar","3","Interesting restaurant, we had dinner here during a Monday and almost ordered the entire menu, food was fresh and we lik","info@districtsj.com","","","","2026-04-28"
"JOEY Valley Fair","2855 Stevens Creek Blvd Suite 1840, Santa Clara, CA 95050, USA","(669) 899-5639","https://joeyrestaurants.com/location/joey-valley-fair","https://maps.google.com/?cid=17200689946577167943&g_mp=CiVnb29nbGUubWFwcy5wbGFjZXMudjEuUGxhY2VzLkdldFBsYWNlEAIYBCAA","4.8","2195","5","5","0","4","Elizabeth Yeh","4","This is a belated review, I visited Joey last summer. Overall, their menu is very fusion and diverse, paired with a styl","accessibility@joeyrestaurants.com","","","","2026-04-28"
"Eos & Nyx","201 S Second St #120, San Jose, CA 95113, USA","(408) 831-6880","http://www.eosnyxsj.com/","https://maps.google.com/?cid=12405285157949925557&g_mp=CiVnb29nbGUubWFwcy5wbGFjZXMudjEuUGxhY2VzLkdldFBsYWNlEAIYBCAA","4.3","315","5","5","0","5","Wendy Ng","5","Incredible service.  Staff were so friendly and attentive.  Constantly refilling our waters and asking if we want anothe","info@eosnyxsj.com","","","","2026-04-28"
"The Farmers Union","151 W Santa Clara St, San Jose, CA 95113, USA","(408) 277-0545","http://www.thefarmersunion.com/","https://maps.google.com/?cid=10933642169963397892&g_mp=CiVnb29nbGUubWFwcy5wbGFjZXMudjEuUGxhY2VzLkdldFBsYWNlEAIYBCAA","4.2","2320","5","5","0","5","Mohit Goenka","5","We had a fantastic experience at The Farmers Union, specifically exploring their vegetarian offerings. Every dish we tri","contact@thefarmersunion.com","","","","2026-04-28"
"Il Fornaio San Jose","302 S Market St, San Jose, CA 95113, USA","(408) 271-3366","https://www.ilfornaio.com/location/il-fornaio-san-jose/","https://maps.google.com/?cid=12746475122430218209&g_mp=CiVnb29nbGUubWFwcy5wbGFjZXMudjEuUGxhY2VzLkdldFBsYWNlEAIYBCAA","4.2","1444","5","5","0","4","A K","4","Locate inside the Westin Hotel. Came here for a team lunch. We made reservations, so we didn't have to wait. Our server","sanjose@ilfo.com","","","","2026-04-28"
"San Pedro Square Market","87 N San Pedro St, San Jose, CA 95110, USA","(408) 849-4716","https://sanpedrosquaremarket.com/","https://maps.google.com/?cid=13091262678725062769&g_mp=CiVnb29nbGUubWFwcy5wbGFjZXMudjEuUGxhY2VzLkdldFBsYWNlEAIYBCAA","4.6","1350","5","5","0","4","Kathleen Valerio","4","We stopped into the Playback station in the market place for coffee before heading to Christmas in the park.  The coffee","","","","",""
"BJ's Restaurant & Brewhouse","511 Coleman Ave, San Jose, CA 95110, USA","(408) 343-7230","https://www.bjsrestaurants.com/locations/ca/san-jose","https://maps.google.com/?cid=3228849561342076633&g_mp=CiVnb29nbGUubWFwcy5wbGFjZXMudjEuUGxhY2VzLkdldFBsYWNlEAIYBCAA","4.2","2746","5","5","0","4","Quinn Calvert","4","A decent chain brewhouse restaurant with good selection of self brewed and guest beers - along with a respectable offeri","info@bjsrestaurants.com","","","","2026-04-28"
"The Club On Post","43 Post St, San Jose, CA 95113, USA","(408) 352-5286","http://theclubonpostca.com/","https://maps.google.com/?cid=75820945619409542&g_mp=CiVnb29nbGUubWFwcy5wbGFjZXMudjEuUGxhY2VzLkdldFBsYWNlEAIYBCAA","4.6","100","5","5","0","5","Meera Patel","5","Excellent service and atmosphere, we sat at the bar and had a nice chat. Food was really good especially the French toas","info@theclubonpost.com","","","","2026-04-28"
"Home Eat汉家宴 - San Jose","88 S 4th St STE 150, San Jose, CA 95112, USA","(408) 899-8627","https://homeeat.com/","https://maps.google.com/?cid=5894274947122402309&g_mp=CiVnb29nbGUubWFwcy5wbGFjZXMudjEuUGxhY2VzLkdldFBsYWNlEAIYBCAA","4.8","1203","5","5","0","4","Paul Rosenthal","4","Definitely get the classic fried chicken wings.  Such a rocking sauce and the wings are meaty and crispy.  Don't get the","info@homeeat.com","","","","2026-04-28"
"Suspiro","3060 Olsen Dr Suite 20, San Jose, CA 95128, USA","(408) 703-3886","http://suspirosj.com/","https://maps.google.com/?cid=5338194004148484689&g_mp=CiVnb29nbGUubWFwcy5wbGFjZXMudjEuUGxhY2VzLkdldFBsYWNlEAIYBCAA","4.5","762","5","5","0","4","Chérie Zulim","4","I came here for NYE with my date and we had a great time with good service despite it being more crowded than usual and","info@suspirosj.com","","","","2026-04-28"
"Morton's The Steakhouse","184 S Market St Suite 100, San Jose, CA 95113, USA","(408) 947-7000","https://www.mortons.com/location/mortons-the-steakhouse-san-jose-ca/","https://maps.google.com/?cid=15054343987803030870&g_mp=CiVnb29nbGUubWFwcy5wbGFjZXMudjEuUGxhY2VzLkdldFBsYWNlEAIYBCAA","4.2","1160","5","5","0","4","Hit List","4","Half the size of San Francisco location. Same good taste. Best thing I liked was not on the menu: the waitress trainee.","info@mortons.com","","","","2026-04-28"
"Paesano Ristorante Italiano","350 W Julian St, San Jose, CA 95110, USA","(408) 217-9327","https://paesanosj.com/","https://maps.google.com/?cid=7505428228974929621&g_mp=CiVnb29nbGUubWFwcy5wbGFjZXMudjEuUGxhY2VzLkdldFBsYWNlEAIYBCAA","4.5","1083","5","5","0","4","Vero Moreno-Diaz","4","Cozy, elegant, great food and excellent service! Our server was delightful, attentive, professional, fast and with great","info@paesanosj.com","","","","2026-04-28"
"Goodtime Bar","30 Fountain Alley #160, San Jose, CA 95113, USA","(408) 256-1266","http://www.goodtimebarsj.com/","https://maps.google.com/?cid=6632671421459860084&g_mp=CiVnb29nbGUubWFwcy5wbGFjZXMudjEuUGxhY2VzLkdldFBsYWNlEAIYBCAA","4.7","158","5","5","0","5","Anthony Giang","5","On a cold Thursday evening, my partner and I made our way over to Goodtime Bar. Ming, one of the bartenders, had graciou","hello@goodtimebarsj.com","","","","2026-04-28"
"Miller & Lux Restaurant","700 Terry A Francois Blvd, San Francisco, CA 94158, USA","(415) 872-6699","http://www.millerandluxrestaurant.com/","https://maps.google.com/?cid=498485797938547268&g_mp=CiVnb29nbGUubWFwcy5wbGFjZXMudjEuUGxhY2VzLkdldFBsYWNlEAIYBCAA","4.5","402","5","5","2","2","Green Man","2","I made reservations well in advance so we could enjoy dinner before a comedy show at Chase Center. Unfortunately, the ex","info@millerandluxrestaurant.com","","","",""
"Absinthe Brasserie & Bar","398 Hayes St, San Francisco, CA 94102, USA","(415) 551-1590","http://www.absinthe.com/","https://maps.google.com/?cid=6425557835396706278&g_mp=CiVnb29nbGUubWFwcy5wbGFjZXMudjEuUGxhY2VzLkdldFBsYWNlEAIYBCAA","4.4","1801","5","5","2","2","L Oliver","2","People who work here are really nice and friendly hence the 2 stars overall. 5+ stars for them! Unfortunately, food left","talk@absinthe.com","","","",""
"Zuni Café","1658 Market St, San Francisco, CA 94102, USA","(415) 552-2522","http://www.zunicafe.com/","https://maps.google.com/?cid=11491213088621274249&g_mp=CiVnb29nbGUubWFwcy5wbGFjZXMudjEuUGxhY2VzLkdldFBsYWNlEAIYBCAA","4.4","2575","5","5","2","3","Michelle Kim","3","Here's an honest review for Zuni, which had been on my list for over a year, but I tried my best not to get myself hyped","info@zunicafe.com","","","",""
"Delancey Street Restaurant","600 The Embarcadero, San Francisco, CA 94107, USA","(415) 512-5179","http://www.delanceystreetfoundation.org/enterrestaurant.php","https://maps.google.com/?cid=10080162167051074226&g_mp=CiVnb29nbGUubWFwcy5wbGFjZXMudjEuUGxhY2VzLkdldFBsYWNlEAIYBCAA","4.5","1600","5","5","1","3","Brandon","3","I went to Delancey Street Restaurant with my friend, and we’re both in ninth grade. The food was amazing and surprisingl","info@delanceystreetfoundation.org","","","",""
"Seven Hills","1896 Hyde St, San Francisco, CA 94109, USA","(415) 775-1550","https://sevenhillssf.com/","https://maps.google.com/?cid=4292125742157162842&g_mp=CiVnb29nbGUubWFwcy5wbGFjZXMudjEuUGxhY2VzLkdldFBsYWNlEAIYBCAA","4.7","905","5","5","1","1","Tomya","1","My friend and I made a reservation for here, it was mid. Our waiter was nice. They informed me that I wasn’t able to mod","info@sevenhillssf.com","","","",""
"Sisterita","669 Commercial St, San Francisco, CA 94111, USA","(415) 649-1919","http://www.sisterita.com/","https://maps.google.com/?cid=3435342571408571843&g_mp=CiVnb29nbGUubWFwcy5wbGFjZXMudjEuUGxhY2VzLkdldFBsYWNlEAIYBCAA","4.5","699","5","5","1","3","Simone Alexis Sonnier-Jang","3","I was late to my reservation due to a BART delay and they graciously moved my time for me. When I arrived, I had my bag","","","","",""
"Tartine Bakery","600 Guerrero St, San Francisco, CA 94110, USA","(415) 487-2600","http://www.tartinebakery.com/","https://maps.google.com/?cid=6926389544917822571&g_mp=CiVnb29nbGUubWFwcy5wbGFjZXMudjEuUGxhY2VzLkdldFBsYWNlEAIYBCAA","4.5","5857","5","5","1","3","Burt","3","I was rather unimpressed with the baked goods from this this bakery, the service was friendly and efficient and it's def","info@tartinebakery.com","","","",""
"a Mano","450 Hayes St, San Francisco, CA 94102, USA","(415) 506-7401","https://amanosf.com/","https://maps.google.com/?cid=17876618845727866415&g_mp=CiVnb29nbGUubWFwcy5wbGFjZXMudjEuUGxhY2VzLkdldFBsYWNlEAIYBCAA","4.3","2277","5","5","1","2","Clara de Soto","2","Really wanted to like this place. The ambiance is lovely, location wonderful. But the food is like microwaved garbage. T","info@amanosf.com","","","",""
"Wayfare Tavern","201 Pine St, San Francisco, CA 94111, USA","(415) 772-9060","https://www.wayfaretavern.com/","https://maps.google.com/?cid=3987028339363157431&g_mp=CiVnb29nbGUubWFwcy5wbGFjZXMudjEuUGxhY2VzLkdldFBsYWNlEAIYBCAA","4.5","2967","5","5","1","3","Ce Cee","3","This narrow, intimate restaurant feels like stepping into a cozy country house - dark wood, rich walls, and plush velvet","contact@wayfaretavern.com","","","",""
"Ula Restaurant & Tapas Bar","450 Post St, San Francisco, CA 94102, USA","(415) 999-4950","https://ulasf.com/","https://maps.google.com/?cid=6278337761582435421&g_mp=CiVnb29nbGUubWFwcy5wbGFjZXMudjEuUGxhY2VzLkdldFBsYWNlEAIYBCAA","4.1","503","5","5","1","3","Victoria Edwards","3","I really wish I could give more than 3 stars because the food was wonderful and the atmosphere was even better. However,","info@ulasf.com","","","",""
"Rich Table","199 Gough St, San Francisco, CA 94102, USA","(415) 355-9085","http://richtablesf.com/","https://maps.google.com/?cid=8889672814233392895&g_mp=CiVnb29nbGUubWFwcy5wbGFjZXMudjEuUGxhY2VzLkdldFBsYWNlEAIYBCAA","4.7","1558","5","5","0","5","Christina N","5","Solid food and service! Booked on open table last min for a Wednesday night and for a reservation for 8:30PM. Restaurant","info@rt-bistro.comlooking","","","",""
"Liholiho Yacht Club","871 Sutter St, San Francisco, CA 94109, USA","","https://lycsf.com/","https://maps.google.com/?cid=12785219178625967625&g_mp=CiVnb29nbGUubWFwcy5wbGFjZXMudjEuUGxhY2VzLkdldFBsYWNlEAIYBCAA","4.7","1935","5","5","0","4","Stelios Serghiou","4","Upscale vibe, standout cocktails, but inconsistent kitchen. We had a pleasant evening here; the ambiance is upscale, mod","info@lycsf.com","","","",""
"Kokkari Estiatorio","200 Jackson St, San Francisco, CA 94111, USA","(415) 981-0983","https://kokkari.com/","https://maps.google.com/?cid=12957869814535908416&g_mp=CiVnb29nbGUubWFwcy5wbGFjZXMudjEuUGxhY2VzLkdldFBsYWNlEAIYBCAA","4.7","3467","5","5","0","4","Manda E","4","We had a reservation on Sunday. It was nice that they had the exact table ready for us - they were just opening back up","info@kokkari.com","","","",""
"The Progress","1525 Fillmore St, San Francisco, CA 94115, USA","(415) 673-1294","http://www.theprogress-sf.com/","https://maps.google.com/?cid=15124456772888069814&g_mp=CiVnb29nbGUubWFwcy5wbGFjZXMudjEuUGxhY2VzLkdldFBsYWNlEAIYBCAA","4.6","1286","5","5","0","4","Kyla W","4","I really want to love The Progress (and state bird) because the vibes are so good, the service is great, and some of the","","","","",""
"La Mar Cocina Peruana San Francisco","PIER 1 1/2 The Embarcadero N, San Francisco, CA 94111, USA","(415) 397-8880","https://lamarcebicheria.com/san-francisco/","https://maps.google.com/?cid=12288100453195726903&g_mp=CiVnb29nbGUubWFwcy5wbGFjZXMudjEuUGxhY2VzLkdldFBsYWNlEAIYBCAA","4.5","4827","5","5","0","4","Kimberly Do","4","We had a great visit to La Mar. The space is beautiful and very spacious, and we were seated right by the window inside","info@lamarcebicheria.com","","","",""
"Scoma's of Sausalito","588 Bridgeway, Sausalito, CA 94965, USA","(415) 332-9551","http://www.scomassausalito.com/#dining","https://maps.google.com/?cid=8090138921699336056&g_mp=CiVnb29nbGUubWFwcy5wbGFjZXMudjEuUGxhY2VzLkdldFBsYWNlEAIYBCAA","4.6","2760","5","5","0","5","T. W.","5","Excellent view of San Francisco, Angel Island, Alcatraz, and the Bay Bridge in the back portion of the restaurant past t","info@scomassausalito.com","","","",""
"Cotogna","490 Pacific Ave, San Francisco, CA 94133, USA","(415) 775-8508","http://cotognasf.com/","https://maps.google.com/?cid=3844909922527115641&g_mp=CiVnb29nbGUubWFwcy5wbGFjZXMudjEuUGxhY2VzLkdldFBsYWNlEAIYBCAA","4.5","2174","5","5","0","4","Mahadji Bahi","4","Really enjoyed Cotogna. The lamb ragu pasta was excellent,rich, comforting, and perfectly cooked. Paired it with a rosé","info@cotognasf.com","","","",""
"Abacá","2700 Jones St, San Francisco, CA 94133, USA","(415) 486-0788","http://www.restaurantabaca.com/","https://maps.google.com/?cid=16667242964397114430&g_mp=CiVnb29nbGUubWFwcy5wbGFjZXMudjEuUGxhY2VzLkdldFBsYWNlEAIYBCAA","4.3","750","5","5","0","4","Eddie Will Ashley III","4","I went on a double date here, and wow, this place was amazing! I’m not a huge Filipino food fan, but I really enjoyed ho","info@restaurantabaca.com","","","",""
"Marufuku Ramen","1581 Webster St #235, San Francisco, CA 94115, USA","(415) 872-9786","http://www.marufukuramen.com/","https://maps.google.com/?cid=16845894830648429348&g_mp=CiVnb29nbGUubWFwcy5wbGFjZXMudjEuUGxhY2VzLkdldFBsYWNlEAIYBCAA","4.5","2995","5","5","0","5","Ricky Da Luz","5","We arrived around 6:30pm on a Wednesday and was told we would be seated within 30 mins, which was to be expected during","","","","",""
"Californios","355 11th St, San Francisco, CA 94103, USA","(415) 757-0994","https://www.californiossf.com/?utm_source=google&utm_medium=organic&utm_campaign=gbp-website-link","https://maps.google.com/?cid=8442746962918335853&g_mp=CiVnb29nbGUubWFwcy5wbGFjZXMudjEuUGxhY2VzLkdldFBsYWNlEAIYBCAA","4.7","550","5","5","0","5","Kai Sheng","5","One of our top dining experiences. The vibe of the entire experience was spectacular from the dark yet vibrant decor, th","info@californiossf.com","","","",""
"Comedor","501 Colorado St, Austin, TX 78701, USA","(512) 499-0977","https://comedortx.com/","https://maps.google.com/?cid=6958240678106455106&g_mp=CiVnb29nbGUubWFwcy5wbGFjZXMudjEuUGxhY2VzLkdldFBsYWNlEAIYBCAA","4.4","1021","5","5","2","2","james fraasch","2","Drinks were good. Food was…like when your friend says she can elevate a taco by doing something to it and you don’t quit","info@comedortx.com","","","",""
"Corner Restaurant","110 E 2nd St, Austin, TX 78701, USA","(512) 608-4488","https://www.cornerrestaurantaustin.com/?utm_source=google&utm_medium=organic&utm_campaign=business_listing","https://maps.google.com/?cid=2814634074907806452&g_mp=CiVnb29nbGUubWFwcy5wbGFjZXMudjEuUGxhY2VzLkdldFBsYWNlEAIYBCAA","4.8","17874","5","5","1","3","Bill RB","3","Weekend getaway in Austin, stayed at another hotel but went here for dinner.  Ambience - cool modern vibe, a but dark, b","forms@tambourine.com","","","",""
"Aba Austin","1011 S Congress Ave Bldg 2 Suite 180, Austin, TX 78704, USA","(737) 273-0199","https://www.abarestaurants.com/austin/","https://maps.google.com/?cid=14552229874544202460&g_mp=CiVnb29nbGUubWFwcy5wbGFjZXMudjEuUGxhY2VzLkdldFBsYWNlEAIYBCAA","4.7","7366","5","5","1","3","Harv","3","Beautiful place to have a romantic meal with that special someone without having to go dressed up to the 9s and 10s. Thi","info@abarestaurants.com","","","",""
"Hestia","607 W 3rd St #105, Austin, TX 78701, USA","(512) 333-0737","http://hestiaaustin.com/","https://maps.google.com/?cid=11522253544223972272&g_mp=CiVnb29nbGUubWFwcy5wbGFjZXMudjEuUGxhY2VzLkdldFBsYWNlEAIYBCAA","4.5","963","5","5","1","2","Анна","2","We visited this fine-dining restaurant, and unfortunately, the experience was quite mixed. Here is my detailed impressio","info@hestiaaustin.com","","","",""
"Eureka!","200 E 6th St, Austin, TX 78701, USA","(512) 735-1144","http://eurekarestaurantgroup.com/blog/locations/austin/","https://maps.google.com/?cid=6298259428620781736&g_mp=CiVnb29nbGUubWFwcy5wbGFjZXMudjEuUGxhY2VzLkdldFBsYWNlEAIYBCAA","4.4","2999","5","5","1","3","D K","3","Went at 5pm on a Thursday for my birthday (with a reservation).  Place was almost empty.  We had the Brussels sprouts an","guestservices@eurekarestaurantgroup.com","","","",""
"Upstairs at Caroline","109 E 7th St, Austin, TX 78701, USA","(512) 982-6766","https://www.carolinerestaurant.com/upstairs-at-caroline?utm_source=google&utm_medium=organic&utm_campaign=business_listing","https://maps.google.com/?cid=795394951073857977&g_mp=CiVnb29nbGUubWFwcy5wbGFjZXMudjEuUGxhY2VzLkdldFBsYWNlEAIYBCAA","4.9","6680","5","5","1","3","Patra Cardinal","3","Get ready for the smallest tacos in the universe. Even the ingredients was less than what it could fill the taco. It see","forms@tambourine.com","","","",""
"Industry","1211 E 5th St. Ste 150, Austin, TX 78702, USA","(512) 564-8686","http://eastside.industrytx.com/","https://maps.google.com/?cid=4377382864982646783&g_mp=CiVnb29nbGUubWFwcy5wbGFjZXMudjEuUGxhY2VzLkdldFBsYWNlEAIYBCAA","4.5","1369","5","5","1","1","Real person","1","We sat at the bar and our service was horrible and the food we ordered wasn't very impressive at all. I ordered the indu","eastside@industrytx.com","","","",""
"BOA Steakhouse","300 W 6th St #100, Austin, TX 78701, USA","(512) 651-0700","https://boasteak.com/","https://maps.google.com/?cid=13939485911443936030&g_mp=CiVnb29nbGUubWFwcy5wbGFjZXMudjEuUGxhY2VzLkdldFBsYWNlEAIYBCAA","4.8","1591","5","5","1","2","Lydia Huang","2","I really wanted to like this place, especially since everyone I spoke to had a positive experience here. However, it was","info@boasteak.com","","","",""
"Caroline","621 N Congress Ave Suite 101, Austin, TX 78701, USA","(512) 982-6766","http://www.carolinerestaurant.com/?utm_source=google&utm_medium=organic&utm_campaign=business_listing","https://maps.google.com/?cid=4093074264320094839&g_mp=CiVnb29nbGUubWFwcy5wbGFjZXMudjEuUGxhY2VzLkdldFBsYWNlEAIYBCAA","4.8","14304","5","5","0","4","IBE","4","My friend and I drove to Austin for brunch and absolutely loved the ambiance. The restaurant felt very welcoming, and we","forms@tambourine.com","","","",""
"Corinne Austin","304 E Cesar Chavez St, Austin, TX 78701, USA","(737) 787-7018","https://www.corinneatx.com/?utm_source=google&utm_medium=organic&utm_campaign=business_listing","https://maps.google.com/?cid=3011152290769757888&g_mp=CiVnb29nbGUubWFwcy5wbGFjZXMudjEuUGxhY2VzLkdldFBsYWNlEAIYBCAA","4.8","5855","5","5","0","4","David Camargo","4","If you’re in Austin and want a restaurant that truly exceeds expectations—especially for a hotel spot—Corinne Austin abs","forms@tambourine.com","","","",""
"Zanzibar","304 E Cesar Chavez St, Austin, TX 78701, USA","(737) 787-6969","https://www.zanzibaratx.com/?utm_source=google&utm_medium=organic&utm_campaign=business_listing","https://maps.google.com/?cid=11475250439085377137&g_mp=CiVnb29nbGUubWFwcy5wbGFjZXMudjEuUGxhY2VzLkdldFBsYWNlEAIYBCAA","4.8","8351","5","5","0","4","KHAIE","4","My last night in Austin and my gf and I wanted a rooftop bar/lounge where we could just chill, have a few drinks, and ac","forms@tambourine.com","","","",""
"Geraldine's","605 Davis St, Austin, TX 78701, USA","(512) 476-4755","https://www.geraldinesaustin.com/","https://maps.google.com/?cid=13309342057162544088&g_mp=CiVnb29nbGUubWFwcy5wbGFjZXMudjEuUGxhY2VzLkdldFBsYWNlEAIYBCAA","4.5","1748","5","5","0","5","Lynda N.","5","One of the best dining experiences I've had. Our server was so genuinely kind and hospitable. The al pastor is a must, u","info@geraldinesaustin.com","","","",""
"Ember Kitchen","800 W Cesar Chavez St Ste PP110, Austin, TX 78701, USA","(512) 291-6846","https://www.emberatx.com/","https://maps.google.com/?cid=1494946675008664282&g_mp=CiVnb29nbGUubWFwcy5wbGFjZXMudjEuUGxhY2VzLkdldFBsYWNlEAIYBCAA","4.8","2512","5","5","0","5","Michelle Zins","5","The best restaurant experience we had during our trip to Austin was at Ember! Our server Brian and Chef Kang were amazin","info@emberatx.com","","","",""
"The Dead Rabbit, Austin","204 E 6th St, Austin, TX 78701, USA","(737) 530-8830","http://www.thedeadrabbittx.com/","https://maps.google.com/?cid=9065455841311406874&g_mp=CiVnb29nbGUubWFwcy5wbGFjZXMudjEuUGxhY2VzLkdldFBsYWNlEAIYBCAA","4.4","596","5","5","0","4","Kate Rimolo","4","This is a NYC transplant bar. The vibe at both is quite different. I didn’t super appreciate the Christmas lights, as it","hello.atx@thedeadrabbit.com","","","",""
"Culinary Dropout","11721 Rock Rose Ave #100, Austin, TX 78758, USA","(512) 777-3394","https://www.culinarydropout.com/locations/austin-tx/?utm_source=Google&utm_medium=Organic&utm_campaign=Maps","https://maps.google.com/?cid=16226187467386605821&g_mp=CiVnb29nbGUubWFwcy5wbGFjZXMudjEuUGxhY2VzLkdldFBsYWNlEAIYBCAA","4.4","6136","5","5","0","4","Katrina Binaku","4","Overall, I recommend checking this place out. The Domain has tons of shops to walk around . Restaurant is well staffed b","info@culinarydropout.com","","","",""
"Odd Duck","1201 S Lamar Blvd, Austin, TX 78704, USA","(512) 433-6521","http://oddduckaustin.com/","https://maps.google.com/?cid=12766655180848736231&g_mp=CiVnb29nbGUubWFwcy5wbGFjZXMudjEuUGxhY2VzLkdldFBsYWNlEAIYBCAA","4.7","3671","5","5","0","5","Will Parnell","5","As soon as you enter the establishment, you know you're in for a treat! Everyone greets you, the host staff was quick to","foh@oddduckaustin.com","","","",""
"Red Ash","Colorado Tower, 303 Colorado St #200, Austin, TX 78701, USA","(512) 379-2906","http://redashgrill.com/","https://maps.google.com/?cid=781942648408772286&g_mp=CiVnb29nbGUubWFwcy5wbGFjZXMudjEuUGxhY2VzLkdldFBsYWNlEAIYBCAA","4.7","2396","5","5","0","4","Jason Kim","4","Came here for an anniversary / Valentine’s date and had a good time. Service was quick, attentive, and accommodating. Ha","","","","",""
"Moonshine Grill","303 Red River St, Austin, TX 78701, USA","(512) 236-9599","http://www.moonshinegrill.com/","https://maps.google.com/?cid=4403592168116976372&g_mp=CiVnb29nbGUubWFwcy5wbGFjZXMudjEuUGxhY2VzLkdldFBsYWNlEAIYBCAA","4.6","7298","5","5","0","4","Kats food cravings and finds","4","The food was very fresh.  Popcorn came out as an appetizer. It had had cayenne pepper all over it so it had a kick that","info@moonshinegrill.com","","","",""
"Sapori Italian Roots","800 Brazos St ste 215, Austin, TX 78701, USA","(737) 351-9271","https://saporiatx.com/","https://maps.google.com/?cid=1980105960025349979&g_mp=CiVnb29nbGUubWFwcy5wbGFjZXMudjEuUGxhY2VzLkdldFBsYWNlEAIYBCAA","4.8","848","5","5","0","5","Lauren Methvin","5","The BEST!! we stopped here on a whim for dinner and I am so glad we did. The pasta alla vodka was freaking amazing. I th","info@saporiatx.com","","","",""
"ATX Cocina","110 San Antonio St #170, Austin, TX 78701, USA","(512) 263-2322","http://www.atxcocina.com/","https://maps.google.com/?cid=11583542460671829300&g_mp=CiVnb29nbGUubWFwcy5wbGFjZXMudjEuUGxhY2VzLkdldFBsYWNlEAIYBCAA","4.6","1903","5","5","0","4","K O","4","Spent a lovely dinner evening at ATX Cocina for my partners birthday. I loved how the whole menu was gluten free. The st","","","","",""
"Monarch Restaurant","1401 Elm St 49th Floor, Dallas, TX 75201, USA","(214) 945-2222","http://www.monarchrestaurants.com/","https://maps.google.com/?cid=7987789882467414287&g_mp=CiVnb29nbGUubWFwcy5wbGFjZXMudjEuUGxhY2VzLkdldFBsYWNlEAIYBCAA","4.3","1808","5","5","3","2","marcia brazona","2","We came here to celebrate a friend’s birthday and had high expectations given the restaurant’s upscale reputation — unfo","info@monarchrestaurants.com","","","",""
"The Henry","2301 N Akard St Suite 250, Dallas, TX 75201, USA","(972) 677-9560","https://www.thehenryrestaurant.com/locations/the-henry-dallas/?utm_source=Google&utm_medium=Organic&utm_campaign=Maps","https://maps.google.com/?cid=15411151253648939494&g_mp=CiVnb29nbGUubWFwcy5wbGFjZXMudjEuUGxhY2VzLkdldFBsYWNlEAIYBCAA","4.4","3427","5","5","2","3","Andre Diaz","3","Found this place by looking for a lunch spot downtown. We saw the chicken sandwich in the reviews and made a B line to t","info@thehenryrestaurant.com","","","",""
"Kitchen + Kocktails","1933 Elm St, Dallas, TX 75201, USA","(469) 472-5445","https://kitchenkocktailsusa.com/","https://maps.google.com/?cid=15716442203337343355&g_mp=CiVnb29nbGUubWFwcy5wbGFjZXMudjEuUGxhY2VzLkdldFBsYWNlEAIYBCAA","4.7","19708","5","5","2","2","Cee R.","2","The hostesses were kind and welcoming, and I enjoyed the 90s R&B music playing. However, the restaurant itself was very","info@kitchenkocktailsusa.com","","","",""
"Crown Block Dallas","300 Reunion Blvd E, Dallas, TX 75207, USA","(214) 321-3149","https://crownblockdallas.com/?utm_source=google&utm_medium=organic&utm_campaign=gmb","https://maps.google.com/?cid=15540739524223757193&g_mp=CiVnb29nbGUubWFwcy5wbGFjZXMudjEuUGxhY2VzLkdldFBsYWNlEAIYBCAA","4.1","1705","5","5","1","2","C Rae","2","This is my first bad review. Please choose to go somewhere else when visiting downtown Dallas. I don't mind paying high","info@crownblockdallas.com","","","",""
"3Eleven Kitchen and Cocktails","311 N Market St # 100, Dallas, TX 75202, USA","(214) 744-1423","https://3elevendallas.com/","https://maps.google.com/?cid=15057386137848197362&g_mp=CiVnb29nbGUubWFwcy5wbGFjZXMudjEuUGxhY2VzLkdldFBsYWNlEAIYBCAA","4.8","5545","5","5","1","3","David Littell","3","My dining companion and I visited the restaurant on Valentine’s Day, having received multiple communications and credit","311kitchenandcocktails@gmail.com","","","",""
"Little Daisy","1401 Elm St, Dallas, TX 75202, USA","(469) 726-4121","https://littledaisydallas.com/","https://maps.google.com/?cid=4733561113932739251&g_mp=CiVnb29nbGUubWFwcy5wbGFjZXMudjEuUGxhY2VzLkdldFBsYWNlEAIYBCAA","4.7","417","5","5","1","3","Priscila CabMc","3","I went to Little Daisy in August 2025 and again in November 2025 to celebrate my wedding anniversary with my husband. I","","","","",""
"The Hampton Social - Dallas","1520 Main St, Dallas, TX 75201, USA","(469) 498-9890","https://www.thehamptonsocial.com/","https://maps.google.com/?cid=9440724477373662356&g_mp=CiVnb29nbGUubWFwcy5wbGFjZXMudjEuUGxhY2VzLkdldFBsYWNlEAIYBCAA","4.8","3666","5","5","0","5","Nicolette Victoria Winn, M.S.","5","ASK FOR PORSHALA! 🗣️ So, my fiancé booked this for us for Valentine’s Day because I am a HUGE vibes person. He initiall","info@thehamptonsocial.com","","","",""
"The Woolworth","1520 Elm St #201, Dallas, TX 75201, USA","(214) 814-0588","https://www.thewoolworthdallas.com/","https://maps.google.com/?cid=13590217327680693997&g_mp=CiVnb29nbGUubWFwcy5wbGFjZXMudjEuUGxhY2VzLkdldFBsYWNlEAIYBCAA","4.8","8558","5","5","0","5","Dawn Chadwick","5","WOW! The food was incredible and beautiful presented. The restaurant immaculate and the staff and everyone was fantastic","info@thewoolworthdallas.com","","","",""
"The Exchange Food Hall","211 S Akard St, Dallas, TX 75202, USA","(214) 464-8101","https://theexchangehall.com/","https://maps.google.com/?cid=11196159741367728975&g_mp=CiVnb29nbGUubWFwcy5wbGFjZXMudjEuUGxhY2VzLkdldFBsYWNlEAIYBCAA","4.5","1380","5","5","0","4","Andre Jackson","4","I am in Dallas working a conference. We decide to walk to the food hall for something different. What a surprise. A food","info@theexchangehall.com","","","",""
"MIRADOR","1608 Elm St, Dallas, TX 75201, USA","(214) 945-8200","https://www.mirador-dallas.com/","https://maps.google.com/?cid=14229616416113981389&g_mp=CiVnb29nbGUubWFwcy5wbGFjZXMudjEuUGxhY2VzLkdldFBsYWNlEAIYBCAA","4.7","272","5","5","0","5","Ulysses Espinoza","5","Great option to have an elevated brunch. The staff were welcoming and the service was top notch overall. It’s a modern b","info@mirador-dallas.com","","","",""
"Y.O. Ranch Steakhouse","702 Ross Ave, Dallas, TX 75202, USA","(214) 744-3287","https://www.yoranchsteakhouse.com/","https://maps.google.com/?cid=17970359558896477342&g_mp=CiVnb29nbGUubWFwcy5wbGFjZXMudjEuUGxhY2VzLkdldFBsYWNlEAIYBCAA","4.8","11110","5","5","0","5","Nadia Bojnourdi","5","We had an amazing experience at Yo Ranch Steak House. The food was excellent — perfectly cooked, flavorful, and clearly","info@yoranchsteakhouse.com","","","",""
"La Stella Cucina Verace","2330 Flora St #150, Dallas, TX 75201, USA","(469) 663-7800","https://www.lastellatx.com/","https://maps.google.com/?cid=16747910430417942352&g_mp=CiVnb29nbGUubWFwcy5wbGFjZXMudjEuUGxhY2VzLkdldFBsYWNlEAIYBCAA","4.8","2558","5","5","0","4","Table for Two","4","The food was amazing! The service was top notch. Very attentive and helpful with the menu. Our only complaint was the mu","info@lastellatx.com","","","",""
"Chet's Dallas","208 N Market St, Dallas, TX 75202, USA","(214) 613-6500","https://www.chetsdallas.com/","https://maps.google.com/?cid=2594659850097559905&g_mp=CiVnb29nbGUubWFwcy5wbGFjZXMudjEuUGxhY2VzLkdldFBsYWNlEAIYBCAA","4.8","2988","5","5","0","4","Ashlie Diego","4","Nice ambiance, good service, good food. Its advertised as an Irish pub/restaurant but its really more eclectic with a gr","info@chetsdallas.com","","","",""
"Yardbird Table & Bar","2121 N Pearl St St 170, Dallas, TX 75201, USA","(469) 208-2441","https://www.runchickenrun.com/?utm_source=google&utm_medium=Yext","https://maps.google.com/?cid=10945102263697915128&g_mp=CiVnb29nbGUubWFwcy5wbGFjZXMudjEuUGxhY2VzLkdldFBsYWNlEAIYBCAA","4.4","2540","5","5","0","4","Vianna","4","Love Yardbird at the Vegas location, so we wanted to try this in Dallas. The deviled eggs were tasty, but I felt the egg","info@runchickenrun.com","","","",""
"Perry's Steakhouse & Grille","2100 Olive St Suite #100, Dallas, TX 75201, USA","(214) 855-5151","https://perryssteakhouse.com/locations/tx/dallas/park-district/","https://maps.google.com/?cid=5169571851262291419&g_mp=CiVnb29nbGUubWFwcy5wbGFjZXMudjEuUGxhY2VzLkdldFBsYWNlEAIYBCAA","4.5","4171","5","5","0","4","The SME","4","The waitress Shirley was a joy and a breath of fresh air. She was very thorough with her suggestions and answered all ou","","","","",""
"Rj Mexican Cuisine","1701 N Market St #102, Dallas, TX 75202, USA","(214) 744-1420","https://www.rjmexicancuisine.com/","https://maps.google.com/?cid=17576829911583646647&g_mp=CiVnb29nbGUubWFwcy5wbGFjZXMudjEuUGxhY2VzLkdldFBsYWNlEAIYBCAA","4.8","11293","5","5","0","5","Amber","5","We stopped here for a lunch and the food was excellent. I highly recommend the margaritas of any flavor! Super delicious","rjmexicancuisine@sbcglobal.net","","","",""
"Dakota's Steakhouse","600 N Akard St, Dallas, TX 75201, USA","(214) 740-4001","https://www.dakotasrestaurant.com/","https://maps.google.com/?cid=15082943626137372558&g_mp=CiVnb29nbGUubWFwcy5wbGFjZXMudjEuUGxhY2VzLkdldFBsYWNlEAIYBCAA","4.5","2257","5","5","0","5","Darren Carbone","5","It really touches on all the best notes of a dining experience.  The mystic begins as you take the elevator downstairs w","info@dakotasrestaurant.com","","","",""
"Haywire","1920 McKinney Ave Ste 100, Dallas, TX 75201, USA","(469) 501-5522","http://haywirerestaurant.com/","https://maps.google.com/?cid=14931314308548885735&g_mp=CiVnb29nbGUubWFwcy5wbGFjZXMudjEuUGxhY2VzLkdldFBsYWNlEAIYBCAA","4.5","1966","5","5","0","4","Sharon “Tica”","4","Beautiful restaurant with a spectacular ambience. Truly one of the nicest atmospheres I have experienced in a long time.","plano@haywirerestaurant.com","","","",""
"Rodeo Goat","1926 Market Center Blvd, Dallas, TX 75207, USA","(214) 741-4628","http://rodeogoat.com/dallas/","https://maps.google.com/?cid=4514212626990944752&g_mp=CiVnb29nbGUubWFwcy5wbGFjZXMudjEuUGxhY2VzLkdldFBsYWNlEAIYBCAA","4.6","8456","5","5","0","4","Timoci T9uisawau","4","Eating at The Rodeo Goat in Fort Worth Dallas Texas is an experience. From the outside there’s a huge parking lot so par","info@rodeogoat.com","","","",""
"Written by the Seasons","380 Melba St, Dallas, TX 75208, USA","(469) 580-1185","http://www.writtenbytheseasons.com/","https://maps.google.com/?cid=5735023034356515639&g_mp=CiVnb29nbGUubWFwcy5wbGFjZXMudjEuUGxhY2VzLkdldFBsYWNlEAIYBCAA","4.8","1276","5","5","0","4","Nikhil Shah","4","Local Sourdough was very good.. My only gripe with it is that it was cold.. Never been served cold bread like that so th","hello@writtenbytheseasons.com","","","",""